Date,RELIANCE.NS,TCS.NS,HDFCBANK.NS,IDEA.NS,YESBANK.NS,SUZLON.NS
2026-06-25,1318.1,2094.7,796.3,14.06,24.87,57.14
2026-06-26,1318.1,2094.7,796.3,14.06,24.87,57.14
2026-06-29,1301.0,2097.9,798.9,14.43,25.09,57.21
2026-06-30,1293.9,2031.5,797.95,14.46,24.18,58.9
2026-07-01,1308.0,1982.6,796.15,14.64,24.58,58.35
2026-07-02,1303.5,2068.1,795.9,14.48,24.25,57.67
2026-07-03,1304.0,2093.5,801.05,14.25,24.39,56.87
2026-07-06,1321.3,2057.6,829.85,14.09,24.26,55.47
2026-07-07,1308.4,2096.1,829.3,13.85,24.01,54.38
2026-07-08,1275.9,2057.5,810.3,13.93,23.42,53.13
2026-07-09,1279.8,2049.5,817.55,14.04,23.64,53.7
2026-07-10,1307.8,2069.0,824.95,14.19,23.94,53.92
2026-07-13,1296.9,2181.5,817.95,13.96,23.78,53.17
2026-07-14,1293.0,2200.6,809.4,13.83,23.61,52.47
2026-07-15,1295.5,2189.2,815.45,13.67,23.6,52.42
2026-07-16,1296.6,2201.0,808.3,13.89,23.75,51.97
2026-07-17,1327.2,2269.0,819.6,13.74,23.61,51.99
2026-07-20,1323.1,2251.1,777.6,13.51,22.93,53.09
2026-07-21,1303.7,2221.1,761.45,13.49,23.14,53.17
2026-07-22,1288.6,2208.3,753.15,13.54,23.24,53.01
2026-07-23,1272.2,2242.9,747.25,13.2,22.93,52.39
2026-07-24,1278.0,2254.3,742.8,13.13,22.95,52.28
2026-07-27,1280.0,2295.6,739.55,13.06,22.94,53.15
2026-07-28,1267.7,2398.0,735.4,12.95,22.81,48.02
2026-07-29,1275.9,2446.6,748.2,13.05,22.84,47.45
2026-07-30,1292.9,2431.8,753.95,12.87,22.54,47.4
2026-07-31,1307.8,2365.6,748.15,13.01,22.77,48.01
2026-08-03,1319.0,2473.7,753.0,12.86,23.0,48.1
2026-08-04,1290.9,2460.0,742.0,12.9,23.0,48.01
2026-08-05,1280.0,2413.0,735.0,12.8,22.97,48.15
2026-08-06,1325.0,2373.0,734.3,12.63,22.68,48.1
2026-08-07,1334.8,2452.7,731.0,12.73,22.69,48.15
2026-08-10,1327.3,2425.7,731.0,12.92,22.75,47.5
2026-08-11,1323.9,2445.7,729.0,12.89,22.75,47.5
2026-08-12,1329.0,2349.7,729.0,13.5,22.98,47.35
2026-08-13,1317.0,2375.0,725.0,13.51,22.98,47.61
2026-08-14,1310.0,2361.0,727.0,14.11,22.67,47.1
2026-08-17,1316.0,2313.2,729.0,13.71,22.92,49.0
2026-08-18,1322.0,2280.0,723.0,14.12,22.46,47.78
2026-08-19,1311.0,2289.0,720.0,14.07,22.74,46.77
2026-08-20,1313.2,2298.0,725.05,14.03,22.74,47.0
2026-08-21,1316.0,2302.0,726.95,13.94,22.8,46.71
2026-08-24,1309.8,2284.1,729.0,14.07,22.6,47.05
2026-08-25,1317.0,2296.2,727.5,15.19,22.5,46.75
2026-08-26,1298.0,2270.0,727.2,15.06,22.38,46.94
2026-08-27,1282.2,2248.4,711.0,14.97,22.26,46.81
2026-08-28,1287.0,2342.0,720.3,14.68,22.1,46.79
2026-08-31,1277.0,2399.3,709.0,14.33,22.83,47.52
2026-09-01,1309.0,2369.0,711.9,14.06,22.1,46.5
2026-09-02,1313.1,2348.0,700.8,14.53,22.15,45.46
2026-09-03,1302.5,2320.1,706.65,14.48,22.54,46.03
2026-09-04,1322.0,2304.0,712.1,15.02,22.5,45.35
2026-09-07,1309.5,2270.0,710.5,15.6,22.42,45.55
2026-09-08,1294.9,2255.5,703.0,15.42,22.52,45.5
2026-09-09,1279.0,2208.0,687.1,15.52,22.42,45.45
2026-09-10,1274.0,2204.1,693.8,14.9,22.3,44.22
2026-09-11,1257.5,2200.8,708.25,14.97,23.48,44.12
2026-09-14,1257.5,2200.8,708.25,14.97,23.48,44.12
2026-09-15,1235.3,2251.0,716.55,14.45,23.07,42.9
2026-09-16,1240.0,2188.8,721.5,14.26,23.4,42.15
2026-09-17,1243.9,2190.0,713.0,14.22,23.13,42.54
2026-09-18,1226.4,2105.0,731.0,13.92,22.72,43.14
2026-09-21,1247.4,2128.7,739.5,13.84,23.17,43.34
2026-09-22,1240.4,2105.0,738.6,14.27,23.2,43.0
2026-09-23,1248.0,2089.6,737.25,14.52,23.24,42.39
2026-09-24,1219.2,2087.0,728.9,14.12,22.44,40.74
2026-09-25,1226.0,2082.0,735.6,14.26,22.5,40.8
