Date,RELIANCE.NS,TCS.NS,HDFCBANK.NS
2026-06-25,1318.1,2094.7,796.3
2026-06-26,1318.1,2094.7,796.3
2026-06-29,1301.0,2097.9,798.9
2026-06-30,1293.9,2031.5,797.95
2026-07-01,1308.0,1982.6,796.15
2026-07-02,1303.5,2068.1,795.9
2026-07-03,1304.0,2093.5,801.05
2026-07-06,1321.3,2057.6,829.85
2026-07-07,1308.4,2096.1,829.3
2026-07-08,1275.9,2057.5,810.3
2026-07-09,1279.8,2049.5,817.55
2026-07-10,1307.8,2069.0,824.95
2026-07-13,1296.9,2181.5,817.95
2026-07-14,1293.0,2200.6,809.4
2026-07-15,1295.5,2189.2,815.45
2026-07-16,1296.6,2201.0,808.3
2026-07-17,1327.2,2269.0,819.6
2026-07-20,1323.1,2251.1,777.6
2026-07-21,1303.7,2221.1,761.45
2026-07-22,1288.6,2208.3,753.15
2026-07-23,1272.2,2242.9,747.25
2026-07-24,1278.0,2254.3,742.8
2026-07-27,1280.0,2295.6,739.55
2026-07-28,1267.7,2398.0,735.4
2026-07-29,1275.9,2446.6,748.2
2026-07-30,1292.9,2431.8,753.95
2026-07-31,1307.8,2365.6,748.15
2026-08-03,1319.0,2473.7,753.0
2026-08-04,1290.9,2460.0,742.0
2026-08-05,1280.0,2413.0,735.0
2026-08-06,1325.0,2373.0,734.3
2026-08-07,1334.8,2452.7,731.0
2026-08-10,1327.3,2425.7,731.0
2026-08-11,1323.9,2445.7,729.0
2026-08-12,1329.0,2349.7,729.0
2026-08-13,1317.0,2375.0,725.0
2026-08-14,1310.0,2361.0,727.0
2026-08-17,1316.0,2313.2,729.0
2026-08-18,1322.0,2280.0,723.0
2026-08-19,1311.0,2289.0,720.0
2026-08-20,1313.2,2298.0,725.05
2026-08-21,1316.0,2302.0,726.95
2026-08-24,1309.8,2284.1,729.0
2026-08-25,1317.0,2296.2,727.5
2026-08-26,1298.0,2270.0,727.2
2026-08-27,1282.2,2248.4,711.0
2026-08-28,1287.0,2342.0,720.3
2026-08-31,1277.0,2399.3,709.0
2026-09-01,1309.0,2369.0,711.9
2026-09-02,1313.1,2348.0,700.8
2026-09-03,1302.5,2320.1,706.65
2026-09-04,1322.0,2304.0,712.1
2026-09-07,1309.5,2270.0,710.5
2026-09-08,1294.9,2255.5,703.0
2026-09-09,1279.0,2208.0,687.1
2026-09-10,1274.0,2204.1,693.8
2026-09-11,1257.5,2200.8,708.25
2026-09-14,1257.5,2200.8,708.25
2026-09-15,1235.3,2251.0,716.55
2026-09-16,1240.0,2188.8,721.5
2026-09-17,1243.9,2190.0,713.0
2026-09-18,1226.4,2105.0,731.0
2026-09-21,1247.4,2128.7,739.5
2026-09-22,1240.4,2105.0,738.6
2026-09-23,1248.0,2089.6,737.25
2026-09-24,1219.2,2087.0,728.9
2026-09-25,1226.0,2082.0,735.6
